label,path,filename
10,C:\Data\Dev-Data\music\labels\10,c0_04_1_14.PNG
10,C:\Data\Dev-Data\music\labels\10,c10_18_0_13.PNG
10,C:\Data\Dev-Data\music\labels\10,c10_18_0_20.PNG
10,C:\Data\Dev-Data\music\labels\10,c21_05_1_18.PNG
10,C:\Data\Dev-Data\music\labels\10,c21_05_1_6.PNG
10,C:\Data\Dev-Data\music\labels\10,c28_04_1_10.PNG
10,C:\Data\Dev-Data\music\labels\10,c28_04_1_5.PNG
10,C:\Data\Dev-Data\music\labels\10,c2_15_0_20.PNG
10,C:\Data\Dev-Data\music\labels\10,c30_14_0_19.PNG
10,C:\Data\Dev-Data\music\labels\10,c30_18_0_28.PNG
10,C:\Data\Dev-Data\music\labels\10,c31_21_0_20.PNG
10,C:\Data\Dev-Data\music\labels\10,c37_07_0_28.PNG
10,C:\Data\Dev-Data\music\labels\10,c37_07_0_4.PNG
10,C:\Data\Dev-Data\music\labels\10,c37_07_0_5.PNG
10,C:\Data\Dev-Data\music\labels\10,c39_11_0_3.PNG
10,C:\Data\Dev-Data\music\labels\10,c39_11_0_9.PNG
10,C:\Data\Dev-Data\music\labels\10,c39_11_1_22.PNG
10,C:\Data\Dev-Data\music\labels\10,c40_17_1_11.PNG
10,C:\Data\Dev-Data\music\labels\10,c45_07_0_27.PNG
10,C:\Data\Dev-Data\music\labels\10,c45_07_0_3.PNG
10,C:\Data\Dev-Data\music\labels\10,c45_07_0_6.PNG
10,C:\Data\Dev-Data\music\labels\10,c60_05_0_20.PNG
10,C:\Data\Dev-Data\music\labels\10,c62_05_1_4.PNG
10,C:\Data\Dev-Data\music\labels\10,c62_06_1_12.PNG
10,C:\Data\Dev-Data\music\labels\10,c62_09_1_10.PNG
10,C:\Data\Dev-Data\music\labels\10,c62_09_1_8.PNG
10,C:\Data\Dev-Data\music\labels\10,c63_21_0_21.PNG
10,C:\Data\Dev-Data\music\labels\10,c69_05_1_19.PNG
10,C:\Data\Dev-Data\music\labels\10,c69_06_0_6.PNG
10,C:\Data\Dev-Data\music\labels\10,c69_06_1_5.PNG
10,C:\Data\Dev-Data\music\labels\10,c69_10_0_10.PNG
10,C:\Data\Dev-Data\music\labels\10,c69_10_0_18.PNG
10,C:\Data\Dev-Data\music\labels\10,c69_10_0_29.PNG
10,C:\Data\Dev-Data\music\labels\10,c69_11_1_19.PNG
10,C:\Data\Dev-Data\music\labels\10,c71_11_1_21.PNG
10,C:\Data\Dev-Data\music\labels\10,c76_20_1_15.PNG
10,C:\Data\Dev-Data\music\labels\10,c79_09_0_11.PNG
10,C:\Data\Dev-Data\music\labels\10,c80_04_1_21.PNG
10,C:\Data\Dev-Data\music\labels\10,c80_04_1_24.PNG
10,C:\Data\Dev-Data\music\labels\10,c80_04_1_25.PNG
10,C:\Data\Dev-Data\music\labels\10,c82_11_0_21.PNG
10,C:\Data\Dev-Data\music\labels\10,c82_11_0_22.PNG
10,C:\Data\Dev-Data\music\labels\10,c84_20_0_10.PNG
10,C:\Data\Dev-Data\music\labels\10,c88_05_0_22.PNG
10,C:\Data\Dev-Data\music\labels\10,c88_05_0_6.PNG
10,C:\Data\Dev-Data\music\labels\10,c88_05_0_8.PNG
10,C:\Data\Dev-Data\music\labels\10,c88_10_0_7.PNG
10,C:\Data\Dev-Data\music\labels\10,c88_10_1_3.PNG
10,C:\Data\Dev-Data\music\labels\10,c89_06_0_13.PNG
10,C:\Data\Dev-Data\music\labels\10,c89_21_0_19.PNG
10,C:\Data\Dev-Data\music\labels\10,c89_21_1_14.PNG
10,C:\Data\Dev-Data\music\labels\10,c89_21_2_10.PNG
10,C:\Data\Dev-Data\music\labels\10,c92_01_1_25.PNG
10,C:\Data\Dev-Data\music\labels\10,c93_04_0_13.PNG
10,C:\Data\Dev-Data\music\labels\10,c93_04_0_14.PNG
10,C:\Data\Dev-Data\music\labels\10,c93_04_0_3.PNG
10,C:\Data\Dev-Data\music\labels\10,c93_04_0_4.PNG
10,C:\Data\Dev-Data\music\labels\10,c93_04_0_8.PNG
10,C:\Data\Dev-Data\music\labels\10,c93_04_0_9.PNG
10,C:\Data\Dev-Data\music\labels\10,c93_07_0_11.PNG
10,C:\Data\Dev-Data\music\labels\10,c93_07_0_13.PNG
10,C:\Data\Dev-Data\music\labels\10,c93_07_0_15.PNG
10,C:\Data\Dev-Data\music\labels\10,c93_07_0_9.PNG
10,C:\Data\Dev-Data\music\labels\10,c93_07_1_10.PNG
10,C:\Data\Dev-Data\music\labels\10,c93_07_1_12.PNG
10,C:\Data\Dev-Data\music\labels\10,c93_07_1_14.PNG
10,C:\Data\Dev-Data\music\labels\10,c93_07_1_2.PNG
10,C:\Data\Dev-Data\music\labels\10,c93_07_1_3.PNG
10,C:\Data\Dev-Data\music\labels\10,c93_07_1_8.PNG
10,C:\Data\Dev-Data\music\labels\10,c93_15_0_16.PNG
10,C:\Data\Dev-Data\music\labels\10,c93_15_0_17.PNG
10,C:\Data\Dev-Data\music\labels\10,c93_15_0_24.PNG
10,C:\Data\Dev-Data\music\labels\10,c93_15_0_26.PNG
10,C:\Data\Dev-Data\music\labels\10,c93_15_0_30.PNG
10,C:\Data\Dev-Data\music\labels\10,c93_15_0_5.PNG
10,C:\Data\Dev-Data\music\labels\10,c93_15_1_8.PNG
10,C:\Data\Dev-Data\music\labels\10,c93_15_1_9.PNG
10,C:\Data\Dev-Data\music\labels\10,c93_18_0_18.PNG
10,C:\Data\Dev-Data\music\labels\10,c93_18_0_23.PNG
10,C:\Data\Dev-Data\music\labels\10,c95_09_0_10.PNG
10,C:\Data\Dev-Data\music\labels\10,c97_17_0_12.PNG
10,C:\Data\Dev-Data\music\labels\10,c97_20_1_17.PNG
10,C:\Data\Dev-Data\music\labels\10,c97_20_1_5.PNG
10,C:\Data\Dev-Data\music\labels\10,c97_20_1_8.PNG
10,C:\Data\Dev-Data\music\labels\10,c97_20_2_9.PNG
10,C:\Data\Dev-Data\music\labels\10,c97_21_2_8.PNG
11,C:\Data\Dev-Data\music\labels\11,c15_11_0_5.PNG
11,C:\Data\Dev-Data\music\labels\11,c19_11_1_17.PNG
11,C:\Data\Dev-Data\music\labels\11,c40_12_0_22.PNG
11,C:\Data\Dev-Data\music\labels\11,c46_16_0_13.PNG
11,C:\Data\Dev-Data\music\labels\11,c46_16_0_15.PNG
11,C:\Data\Dev-Data\music\labels\11,c48_11_1_18.PNG
11,C:\Data\Dev-Data\music\labels\11,c48_11_1_24.PNG
11,C:\Data\Dev-Data\music\labels\11,c48_11_1_26.PNG
11,C:\Data\Dev-Data\music\labels\11,c53_02_0_13.PNG
11,C:\Data\Dev-Data\music\labels\11,c53_02_0_19.PNG
11,C:\Data\Dev-Data\music\labels\11,c53_02_0_3.PNG
11,C:\Data\Dev-Data\music\labels\11,c53_02_0_31.PNG
11,C:\Data\Dev-Data\music\labels\11,c53_10_0_17.PNG
11,C:\Data\Dev-Data\music\labels\11,c60_05_1_24.PNG
11,C:\Data\Dev-Data\music\labels\11,c60_05_1_8.PNG
11,C:\Data\Dev-Data\music\labels\11,c60_09_1_14.PNG
11,C:\Data\Dev-Data\music\labels\11,c60_11_1_11.PNG
11,C:\Data\Dev-Data\music\labels\11,c60_11_1_2.PNG
11,C:\Data\Dev-Data\music\labels\11,c60_11_1_4.PNG
11,C:\Data\Dev-Data\music\labels\11,c60_17_0_11.PNG
11,C:\Data\Dev-Data\music\labels\11,c67_18_0_24.PNG
11,C:\Data\Dev-Data\music\labels\11,c68_07_1_13.PNG
11,C:\Data\Dev-Data\music\labels\11,c71_11_0_11.PNG
11,C:\Data\Dev-Data\music\labels\11,c75_22_0_12.PNG
11,C:\Data\Dev-Data\music\labels\11,c77_03_0_11.PNG
11,C:\Data\Dev-Data\music\labels\11,c78_12_0_14.PNG
11,C:\Data\Dev-Data\music\labels\11,c78_15_1_16.PNG
11,C:\Data\Dev-Data\music\labels\11,c78_15_1_6.PNG
11,C:\Data\Dev-Data\music\labels\11,c79_09_1_6.PNG
11,C:\Data\Dev-Data\music\labels\11,c80_04_1_18.PNG
11,C:\Data\Dev-Data\music\labels\11,c81_09_1_16.PNG
11,C:\Data\Dev-Data\music\labels\11,c81_10_0_12.PNG
11,C:\Data\Dev-Data\music\labels\11,c82_11_0_17.PNG
11,C:\Data\Dev-Data\music\labels\11,c82_11_0_19.PNG
11,C:\Data\Dev-Data\music\labels\11,c82_14_0_8.PNG
11,C:\Data\Dev-Data\music\labels\11,c88_02_0_11.PNG
11,C:\Data\Dev-Data\music\labels\11,c88_02_0_21.PNG
11,C:\Data\Dev-Data\music\labels\11,c88_02_0_32.PNG
11,C:\Data\Dev-Data\music\labels\11,c88_02_0_5.PNG
11,C:\Data\Dev-Data\music\labels\11,c88_03_0_15.PNG
11,C:\Data\Dev-Data\music\labels\11,c88_03_0_25.PNG
11,C:\Data\Dev-Data\music\labels\11,c88_03_1_12.PNG
11,C:\Data\Dev-Data\music\labels\11,c88_03_1_9.PNG
11,C:\Data\Dev-Data\music\labels\11,c88_05_0_16.PNG
11,C:\Data\Dev-Data\music\labels\11,c88_05_0_24.PNG
11,C:\Data\Dev-Data\music\labels\11,c88_05_0_5.PNG
11,C:\Data\Dev-Data\music\labels\11,c88_05_1_17.PNG
11,C:\Data\Dev-Data\music\labels\11,c88_05_1_2.PNG
11,C:\Data\Dev-Data\music\labels\11,c88_05_1_22.PNG
11,C:\Data\Dev-Data\music\labels\11,c88_06_1_19.PNG
11,C:\Data\Dev-Data\music\labels\11,c88_11_0_24.PNG
11,C:\Data\Dev-Data\music\labels\11,c88_11_1_10.PNG
11,C:\Data\Dev-Data\music\labels\11,c88_14_1_14.PNG
11,C:\Data\Dev-Data\music\labels\11,c88_14_1_23.PNG
11,C:\Data\Dev-Data\music\labels\11,c89_03_1_17.PNG
11,C:\Data\Dev-Data\music\labels\11,c89_05_0_10.PNG
11,C:\Data\Dev-Data\music\labels\11,c89_05_0_17.PNG
11,C:\Data\Dev-Data\music\labels\11,c89_05_0_3.PNG
11,C:\Data\Dev-Data\music\labels\11,c89_05_1_10.PNG
11,C:\Data\Dev-Data\music\labels\11,c89_05_1_15.PNG
11,C:\Data\Dev-Data\music\labels\11,c89_06_0_19.PNG
11,C:\Data\Dev-Data\music\labels\11,c89_10_0_28.PNG
11,C:\Data\Dev-Data\music\labels\11,c89_10_1_4.PNG
11,C:\Data\Dev-Data\music\labels\11,c89_11_1_16.PNG
11,C:\Data\Dev-Data\music\labels\11,c89_14_1_10.PNG
11,C:\Data\Dev-Data\music\labels\11,c89_14_1_18.PNG
11,C:\Data\Dev-Data\music\labels\11,c89_14_1_21.PNG
11,C:\Data\Dev-Data\music\labels\11,c89_17_1_10.PNG
11,C:\Data\Dev-Data\music\labels\11,c89_20_0_12.PNG
11,C:\Data\Dev-Data\music\labels\11,c89_20_1_19.PNG
11,C:\Data\Dev-Data\music\labels\11,c89_20_2_11.PNG
11,C:\Data\Dev-Data\music\labels\11,c89_21_0_16.PNG
11,C:\Data\Dev-Data\music\labels\11,c89_21_2_5.PNG
11,C:\Data\Dev-Data\music\labels\11,c89_21_2_9.PNG
11,C:\Data\Dev-Data\music\labels\11,c91_19_0_29.PNG
11,C:\Data\Dev-Data\music\labels\11,c91_19_1_15.PNG
11,C:\Data\Dev-Data\music\labels\11,c91_19_1_22.PNG
11,C:\Data\Dev-Data\music\labels\11,c93_07_0_10.PNG
11,C:\Data\Dev-Data\music\labels\11,c93_07_0_12.PNG
11,C:\Data\Dev-Data\music\labels\11,c93_07_0_14.PNG
11,C:\Data\Dev-Data\music\labels\11,c93_07_0_20.PNG
11,C:\Data\Dev-Data\music\labels\11,c93_07_0_22.PNG
11,C:\Data\Dev-Data\music\labels\11,c93_07_0_8.PNG
11,C:\Data\Dev-Data\music\labels\11,c93_07_1_11.PNG
11,C:\Data\Dev-Data\music\labels\11,c93_07_1_17.PNG
11,C:\Data\Dev-Data\music\labels\11,c93_07_1_19.PNG
11,C:\Data\Dev-Data\music\labels\11,c93_12_0_28.PNG
11,C:\Data\Dev-Data\music\labels\11,c93_12_0_6.PNG
11,C:\Data\Dev-Data\music\labels\11,c93_15_0_14.PNG
11,C:\Data\Dev-Data\music\labels\11,c93_15_0_25.PNG
11,C:\Data\Dev-Data\music\labels\11,c93_15_0_28.PNG
11,C:\Data\Dev-Data\music\labels\11,c93_15_0_29.PNG
11,C:\Data\Dev-Data\music\labels\11,c93_15_0_3.PNG
11,C:\Data\Dev-Data\music\labels\11,c93_15_0_31.PNG
11,C:\Data\Dev-Data\music\labels\11,c93_15_0_4.PNG
11,C:\Data\Dev-Data\music\labels\11,c93_15_0_6.PNG
11,C:\Data\Dev-Data\music\labels\11,c93_15_1_14.PNG
11,C:\Data\Dev-Data\music\labels\11,c93_18_0_21.PNG
11,C:\Data\Dev-Data\music\labels\11,c93_18_0_22.PNG
11,C:\Data\Dev-Data\music\labels\11,c93_18_0_27.PNG
11,C:\Data\Dev-Data\music\labels\11,c94_07_1_7.PNG
11,C:\Data\Dev-Data\music\labels\11,c94_07_1_9.PNG
11,C:\Data\Dev-Data\music\labels\11,c95_05_1_3.PNG
11,C:\Data\Dev-Data\music\labels\11,c95_09_0_15.PNG
11,C:\Data\Dev-Data\music\labels\11,c95_09_0_17.PNG
11,C:\Data\Dev-Data\music\labels\11,c95_09_0_8.PNG
11,C:\Data\Dev-Data\music\labels\11,c97_20_1_10.PNG
12,C:\Data\Dev-Data\music\labels\12,c14_08_0_12.PNG
12,C:\Data\Dev-Data\music\labels\12,c14_08_0_3.PNG
12,C:\Data\Dev-Data\music\labels\12,c23_16_0_18.PNG
12,C:\Data\Dev-Data\music\labels\12,c23_16_0_7.PNG
12,C:\Data\Dev-Data\music\labels\12,c29_12_0_21.PNG
12,C:\Data\Dev-Data\music\labels\12,c29_18_0_26.PNG
12,C:\Data\Dev-Data\music\labels\12,c30_18_0_28.PNG
12,C:\Data\Dev-Data\music\labels\12,c33_09_0_5.PNG
12,C:\Data\Dev-Data\music\labels\12,c3_18_0_6.PNG
12,C:\Data\Dev-Data\music\labels\12,c40_12_0_5.PNG
12,C:\Data\Dev-Data\music\labels\12,c41_06_0_7.PNG
12,C:\Data\Dev-Data\music\labels\12,c41_10_0_20.PNG
12,C:\Data\Dev-Data\music\labels\12,c41_10_1_6.PNG
12,C:\Data\Dev-Data\music\labels\12,c47_09_1_22.PNG
12,C:\Data\Dev-Data\music\labels\12,c47_10_0_9.PNG
12,C:\Data\Dev-Data\music\labels\12,c51_03_0_3.PNG
12,C:\Data\Dev-Data\music\labels\12,c51_17_1_6.PNG
12,C:\Data\Dev-Data\music\labels\12,c54_03_0_18.PNG
12,C:\Data\Dev-Data\music\labels\12,c54_17_0_8.PNG
12,C:\Data\Dev-Data\music\labels\12,c57_01_0_11.PNG
12,C:\Data\Dev-Data\music\labels\12,c57_01_0_9.PNG
12,C:\Data\Dev-Data\music\labels\12,c57_01_1_19.PNG
12,C:\Data\Dev-Data\music\labels\12,c64_01_0_24.PNG
12,C:\Data\Dev-Data\music\labels\12,c64_19_1_3.PNG
12,C:\Data\Dev-Data\music\labels\12,c68_08_0_7.PNG
12,C:\Data\Dev-Data\music\labels\12,c6_01_1_26.PNG
12,C:\Data\Dev-Data\music\labels\12,c6_08_1_11.PNG
12,C:\Data\Dev-Data\music\labels\12,c70_16_0_14.PNG
12,C:\Data\Dev-Data\music\labels\12,c71_03_0_13.PNG
12,C:\Data\Dev-Data\music\labels\12,c71_06_1_20.PNG
12,C:\Data\Dev-Data\music\labels\12,c71_10_0_3.PNG
12,C:\Data\Dev-Data\music\labels\12,c71_10_0_4.PNG
12,C:\Data\Dev-Data\music\labels\12,c77_03_0_8.PNG
12,C:\Data\Dev-Data\music\labels\12,c77_10_0_16.PNG
12,C:\Data\Dev-Data\music\labels\12,c77_10_1_17.PNG
12,C:\Data\Dev-Data\music\labels\12,c77_17_0_7.PNG
12,C:\Data\Dev-Data\music\labels\12,c77_17_1_15.PNG
12,C:\Data\Dev-Data\music\labels\12,c77_17_1_7.PNG
12,C:\Data\Dev-Data\music\labels\12,c79_09_0_7.PNG
12,C:\Data\Dev-Data\music\labels\12,c79_09_1_2.PNG
12,C:\Data\Dev-Data\music\labels\12,c79_09_1_20.PNG
12,C:\Data\Dev-Data\music\labels\12,c79_09_1_4.PNG
12,C:\Data\Dev-Data\music\labels\12,c84_20_2_13.PNG
12,C:\Data\Dev-Data\music\labels\12,c85_19_0_8.PNG
12,C:\Data\Dev-Data\music\labels\12,c87_01_1_10.PNG
12,C:\Data\Dev-Data\music\labels\12,c87_01_1_14.PNG
12,C:\Data\Dev-Data\music\labels\12,c87_01_1_17.PNG
12,C:\Data\Dev-Data\music\labels\12,c87_01_1_20.PNG
12,C:\Data\Dev-Data\music\labels\12,c87_01_1_23.PNG
12,C:\Data\Dev-Data\music\labels\12,c87_01_1_3.PNG
12,C:\Data\Dev-Data\music\labels\12,c87_01_1_4.PNG
12,C:\Data\Dev-Data\music\labels\12,c87_01_1_7.PNG
12,C:\Data\Dev-Data\music\labels\12,c88_03_0_22.PNG
12,C:\Data\Dev-Data\music\labels\12,c88_03_1_10.PNG
12,C:\Data\Dev-Data\music\labels\12,c88_03_1_15.PNG
12,C:\Data\Dev-Data\music\labels\12,c88_03_1_2.PNG
12,C:\Data\Dev-Data\music\labels\12,c88_03_1_7.PNG
12,C:\Data\Dev-Data\music\labels\12,c88_06_0_14.PNG
12,C:\Data\Dev-Data\music\labels\12,c88_06_0_20.PNG
12,C:\Data\Dev-Data\music\labels\12,c88_06_1_13.PNG
12,C:\Data\Dev-Data\music\labels\12,c88_06_1_3.PNG
12,C:\Data\Dev-Data\music\labels\12,c88_06_1_6.PNG
12,C:\Data\Dev-Data\music\labels\12,c88_08_1_2.PNG
12,C:\Data\Dev-Data\music\labels\12,c88_08_1_7.PNG
12,C:\Data\Dev-Data\music\labels\12,c88_09_1_11.PNG
12,C:\Data\Dev-Data\music\labels\12,c88_10_0_25.PNG
12,C:\Data\Dev-Data\music\labels\12,c88_10_1_20.PNG
12,C:\Data\Dev-Data\music\labels\12,c88_17_0_9.PNG
12,C:\Data\Dev-Data\music\labels\12,c89_03_1_19.PNG
12,C:\Data\Dev-Data\music\labels\12,c89_06_0_11.PNG
12,C:\Data\Dev-Data\music\labels\12,c89_06_0_4.PNG
12,C:\Data\Dev-Data\music\labels\12,c89_06_1_10.PNG
12,C:\Data\Dev-Data\music\labels\12,c89_10_0_15.PNG
12,C:\Data\Dev-Data\music\labels\12,c89_14_0_23.PNG
12,C:\Data\Dev-Data\music\labels\12,c89_20_0_14.PNG
12,C:\Data\Dev-Data\music\labels\12,c89_21_0_10.PNG
12,C:\Data\Dev-Data\music\labels\12,c89_21_0_13.PNG
12,C:\Data\Dev-Data\music\labels\12,c89_21_0_14.PNG
12,C:\Data\Dev-Data\music\labels\12,c89_21_0_3.PNG
12,C:\Data\Dev-Data\music\labels\12,c89_21_0_7.PNG
12,C:\Data\Dev-Data\music\labels\12,c89_21_0_8.PNG
12,C:\Data\Dev-Data\music\labels\12,c89_21_0_9.PNG
12,C:\Data\Dev-Data\music\labels\12,c89_21_1_16.PNG
12,C:\Data\Dev-Data\music\labels\12,c89_21_2_2.PNG
12,C:\Data\Dev-Data\music\labels\12,c89_21_2_3.PNG
12,C:\Data\Dev-Data\music\labels\12,c91_07_1_21.PNG
12,C:\Data\Dev-Data\music\labels\12,c91_07_1_23.PNG
12,C:\Data\Dev-Data\music\labels\12,c91_08_1_15.PNG
12,C:\Data\Dev-Data\music\labels\12,c91_18_0_5.PNG
12,C:\Data\Dev-Data\music\labels\12,c91_18_0_7.PNG
12,C:\Data\Dev-Data\music\labels\12,c91_19_0_18.PNG
12,C:\Data\Dev-Data\music\labels\12,c91_19_0_24.PNG
12,C:\Data\Dev-Data\music\labels\12,c91_19_1_19.PNG
12,C:\Data\Dev-Data\music\labels\12,c91_19_1_26.PNG
12,C:\Data\Dev-Data\music\labels\12,c91_19_1_9.PNG
12,C:\Data\Dev-Data\music\labels\12,c91_22_0_11.PNG
12,C:\Data\Dev-Data\music\labels\12,c91_22_0_26.PNG
12,C:\Data\Dev-Data\music\labels\12,c91_22_0_9.PNG
12,C:\Data\Dev-Data\music\labels\12,c92_01_0_14.PNG
12,C:\Data\Dev-Data\music\labels\12,c92_01_0_17.PNG
12,C:\Data\Dev-Data\music\labels\12,c92_01_0_20.PNG
12,C:\Data\Dev-Data\music\labels\12,c92_01_0_4.PNG
12,C:\Data\Dev-Data\music\labels\12,c92_01_0_7.PNG
12,C:\Data\Dev-Data\music\labels\12,c92_01_1_12.PNG
12,C:\Data\Dev-Data\music\labels\12,c92_01_1_16.PNG
12,C:\Data\Dev-Data\music\labels\12,c92_01_1_22.PNG
12,C:\Data\Dev-Data\music\labels\12,c92_01_1_6.PNG
12,C:\Data\Dev-Data\music\labels\12,c92_01_1_9.PNG
12,C:\Data\Dev-Data\music\labels\12,c92_21_1_20.PNG
12,C:\Data\Dev-Data\music\labels\12,c93_07_0_17.PNG
12,C:\Data\Dev-Data\music\labels\12,c93_07_0_19.PNG
12,C:\Data\Dev-Data\music\labels\12,c93_07_0_21.PNG
12,C:\Data\Dev-Data\music\labels\12,c93_07_1_16.PNG
12,C:\Data\Dev-Data\music\labels\12,c93_07_1_18.PNG
12,C:\Data\Dev-Data\music\labels\12,c93_10_0_26.PNG
12,C:\Data\Dev-Data\music\labels\12,c93_12_0_13.PNG
12,C:\Data\Dev-Data\music\labels\12,c93_18_0_25.PNG
12,C:\Data\Dev-Data\music\labels\12,c95_09_0_13.PNG
12,C:\Data\Dev-Data\music\labels\12,c95_09_0_20.PNG
12,C:\Data\Dev-Data\music\labels\12,c95_09_0_22.PNG
12,C:\Data\Dev-Data\music\labels\12,c95_17_0_18.PNG
12,C:\Data\Dev-Data\music\labels\12,c95_17_1_8.PNG
12,C:\Data\Dev-Data\music\labels\12,c97_21_1_19.PNG
12,C:\Data\Dev-Data\music\labels\12,c97_21_1_21.PNG
12,C:\Data\Dev-Data\music\labels\12,c97_21_1_22.PNG
13,C:\Data\Dev-Data\music\labels\13,c16_02_0_16.PNG
13,C:\Data\Dev-Data\music\labels\13,c16_02_0_35.PNG
13,C:\Data\Dev-Data\music\labels\13,c22_03_1_14.PNG
13,C:\Data\Dev-Data\music\labels\13,c24_07_1_20.PNG
13,C:\Data\Dev-Data\music\labels\13,c24_07_1_22.PNG
13,C:\Data\Dev-Data\music\labels\13,c25_18_0_30.PNG
13,C:\Data\Dev-Data\music\labels\13,c25_18_0_31.PNG
13,C:\Data\Dev-Data\music\labels\13,c38_02_0_24.PNG
13,C:\Data\Dev-Data\music\labels\13,c38_02_0_27.PNG
13,C:\Data\Dev-Data\music\labels\13,c38_17_0_4.PNG
13,C:\Data\Dev-Data\music\labels\13,c47_11_0_13.PNG
13,C:\Data\Dev-Data\music\labels\13,c50_11_0_28.PNG
13,C:\Data\Dev-Data\music\labels\13,c51_17_0_17.PNG
13,C:\Data\Dev-Data\music\labels\13,c54_03_1_4.PNG
13,C:\Data\Dev-Data\music\labels\13,c54_14_0_6.PNG
13,C:\Data\Dev-Data\music\labels\13,c60_14_1_5.PNG
13,C:\Data\Dev-Data\music\labels\13,c64_06_1_22.PNG
13,C:\Data\Dev-Data\music\labels\13,c71_10_1_15.PNG
13,C:\Data\Dev-Data\music\labels\13,c74_06_1_17.PNG
13,C:\Data\Dev-Data\music\labels\13,c74_06_1_24.PNG
13,C:\Data\Dev-Data\music\labels\13,c74_14_1_17.PNG
13,C:\Data\Dev-Data\music\labels\13,c77_03_0_20.PNG
13,C:\Data\Dev-Data\music\labels\13,c77_05_0_28.PNG
13,C:\Data\Dev-Data\music\labels\13,c77_05_1_12.PNG
13,C:\Data\Dev-Data\music\labels\13,c77_17_1_4.PNG
13,C:\Data\Dev-Data\music\labels\13,c85_19_0_21.PNG
13,C:\Data\Dev-Data\music\labels\13,c85_19_1_6.PNG
13,C:\Data\Dev-Data\music\labels\13,c88_02_0_8.PNG
13,C:\Data\Dev-Data\music\labels\13,c88_03_0_5.PNG
13,C:\Data\Dev-Data\music\labels\13,c88_05_0_13.PNG
13,C:\Data\Dev-Data\music\labels\13,c88_05_1_26.PNG
13,C:\Data\Dev-Data\music\labels\13,c88_09_0_18.PNG
13,C:\Data\Dev-Data\music\labels\13,c88_10_0_22.PNG
13,C:\Data\Dev-Data\music\labels\13,c88_11_0_26.PNG
13,C:\Data\Dev-Data\music\labels\13,c88_11_1_12.PNG
13,C:\Data\Dev-Data\music\labels\13,c88_11_1_27.PNG
13,C:\Data\Dev-Data\music\labels\13,c88_11_1_6.PNG
13,C:\Data\Dev-Data\music\labels\13,c88_14_1_13.PNG
13,C:\Data\Dev-Data\music\labels\13,c88_14_1_3.PNG
13,C:\Data\Dev-Data\music\labels\13,c88_14_1_9.PNG
13,C:\Data\Dev-Data\music\labels\13,c88_17_0_5.PNG
13,C:\Data\Dev-Data\music\labels\13,c88_17_1_17.PNG
13,C:\Data\Dev-Data\music\labels\13,c88_17_1_2.PNG
13,C:\Data\Dev-Data\music\labels\13,c88_21_1_17.PNG
13,C:\Data\Dev-Data\music\labels\13,c90_16_0_3.PNG
13,C:\Data\Dev-Data\music\labels\13,c90_22_0_10.PNG
13,C:\Data\Dev-Data\music\labels\13,c90_22_0_18.PNG
13,C:\Data\Dev-Data\music\labels\13,c90_22_0_20.PNG
13,C:\Data\Dev-Data\music\labels\13,c90_22_0_22.PNG
13,C:\Data\Dev-Data\music\labels\13,c90_22_0_5.PNG
13,C:\Data\Dev-Data\music\labels\13,c90_22_0_7.PNG
13,C:\Data\Dev-Data\music\labels\13,c94_22_0_24.PNG
13,C:\Data\Dev-Data\music\labels\13,c95_06_0_22.PNG
13,C:\Data\Dev-Data\music\labels\13,c95_11_1_14.PNG
13,C:\Data\Dev-Data\music\labels\13,c95_11_1_8.PNG
13,C:\Data\Dev-Data\music\labels\13,c95_17_0_14.PNG
13,C:\Data\Dev-Data\music\labels\13,c95_17_0_3.PNG
13,C:\Data\Dev-Data\music\labels\13,c96_17_1_3.PNG
13,C:\Data\Dev-Data\music\labels\13,c96_21_0_5.PNG
14,C:\Data\Dev-Data\music\labels\14,c0_04_1_13.PNG
14,C:\Data\Dev-Data\music\labels\14,c2_15_0_32.PNG
14,C:\Data\Dev-Data\music\labels\14,c3_18_0_11.PNG
14,C:\Data\Dev-Data\music\labels\14,c42_06_0_27.PNG
14,C:\Data\Dev-Data\music\labels\14,c42_06_1_15.PNG
14,C:\Data\Dev-Data\music\labels\14,c42_06_1_25.PNG
14,C:\Data\Dev-Data\music\labels\14,c44_04_0_10.PNG
14,C:\Data\Dev-Data\music\labels\14,c44_04_0_11.PNG
14,C:\Data\Dev-Data\music\labels\14,c44_04_0_5.PNG
14,C:\Data\Dev-Data\music\labels\14,c70_04_1_16.PNG
14,C:\Data\Dev-Data\music\labels\14,c74_06_0_16.PNG
14,C:\Data\Dev-Data\music\labels\14,c74_06_0_9.PNG
14,C:\Data\Dev-Data\music\labels\14,c74_06_1_8.PNG
14,C:\Data\Dev-Data\music\labels\14,c74_10_1_13.PNG
14,C:\Data\Dev-Data\music\labels\14,c74_14_1_6.PNG
14,C:\Data\Dev-Data\music\labels\14,c74_17_1_16.PNG
14,C:\Data\Dev-Data\music\labels\14,c80_04_1_19.PNG
14,C:\Data\Dev-Data\music\labels\14,c82_14_0_5.PNG
14,C:\Data\Dev-Data\music\labels\14,c85_15_0_19.PNG
14,C:\Data\Dev-Data\music\labels\14,c85_18_0_10.PNG
14,C:\Data\Dev-Data\music\labels\14,c85_19_0_11.PNG
14,C:\Data\Dev-Data\music\labels\14,c90_15_0_7.PNG
14,C:\Data\Dev-Data\music\labels\14,c90_22_0_19.PNG
14,C:\Data\Dev-Data\music\labels\14,c90_22_0_23.PNG
14,C:\Data\Dev-Data\music\labels\14,c90_22_0_27.PNG
14,C:\Data\Dev-Data\music\labels\14,c90_22_0_6.PNG
14,C:\Data\Dev-Data\music\labels\14,c91_07_1_25.PNG
14,C:\Data\Dev-Data\music\labels\14,c91_07_1_26.PNG
14,C:\Data\Dev-Data\music\labels\14,c95_17_0_16.PNG
15,C:\Data\Dev-Data\music\labels\15,c15_08_0_19.PNG
15,C:\Data\Dev-Data\music\labels\15,c18_10_0_23.PNG
15,C:\Data\Dev-Data\music\labels\15,c19_11_0_27.PNG
15,C:\Data\Dev-Data\music\labels\15,c33_09_0_3.PNG
15,C:\Data\Dev-Data\music\labels\15,c43_10_0_13.PNG
15,C:\Data\Dev-Data\music\labels\15,c54_10_1_11.PNG
15,C:\Data\Dev-Data\music\labels\15,c70_14_1_16.PNG
15,C:\Data\Dev-Data\music\labels\15,c70_14_1_27.PNG
15,C:\Data\Dev-Data\music\labels\15,c77_08_1_9.PNG
15,C:\Data\Dev-Data\music\labels\15,c77_11_1_13.PNG
15,C:\Data\Dev-Data\music\labels\15,c81_14_0_4.PNG
15,C:\Data\Dev-Data\music\labels\15,c81_14_1_12.PNG
15,C:\Data\Dev-Data\music\labels\15,c81_14_1_8.PNG
15,C:\Data\Dev-Data\music\labels\15,c85_19_0_14.PNG
15,C:\Data\Dev-Data\music\labels\15,c85_19_1_12.PNG
15,C:\Data\Dev-Data\music\labels\15,c88_11_1_7.PNG
15,C:\Data\Dev-Data\music\labels\15,c90_12_0_23.PNG
15,C:\Data\Dev-Data\music\labels\15,c91_19_1_32.PNG
15,C:\Data\Dev-Data\music\labels\15,c96_08_1_4.PNG
15,C:\Data\Dev-Data\music\labels\15,c96_21_0_11.PNG
15,C:\Data\Dev-Data\music\labels\15,c96_21_1_23.PNG
16,C:\Data\Dev-Data\music\labels\16,c64_22_0_3.PNG
16,C:\Data\Dev-Data\music\labels\16,c88_16_0_4.PNG
16,C:\Data\Dev-Data\music\labels\16,c90_16_0_5.PNG
16,C:\Data\Dev-Data\music\labels\16,c90_22_0_16.PNG
16,C:\Data\Dev-Data\music\labels\16,c94_16_0_10.PNG
16,C:\Data\Dev-Data\music\labels\16,c94_16_0_19.PNG
16,C:\Data\Dev-Data\music\labels\16,c94_16_0_21.PNG
16,C:\Data\Dev-Data\music\labels\16,c94_16_0_8.PNG
16,C:\Data\Dev-Data\music\labels\16,c94_22_0_29.PNG
16,C:\Data\Dev-Data\music\labels\16,c95_17_0_19.PNG
8,C:\Data\Dev-Data\music\labels\8,c17_20_0_2.PNG
8,C:\Data\Dev-Data\music\labels\8,c1_14_0_12.PNG
8,C:\Data\Dev-Data\music\labels\8,c1_14_0_18.PNG
8,C:\Data\Dev-Data\music\labels\8,c60_21_1_7.PNG
8,C:\Data\Dev-Data\music\labels\8,c63_21_2_18.PNG
8,C:\Data\Dev-Data\music\labels\8,c63_21_2_25.PNG
8,C:\Data\Dev-Data\music\labels\8,c84_20_1_14.PNG
8,C:\Data\Dev-Data\music\labels\8,c89_21_1_12.PNG
8,C:\Data\Dev-Data\music\labels\8,c89_21_1_3.PNG
8,C:\Data\Dev-Data\music\labels\8,c89_21_1_4.PNG
8,C:\Data\Dev-Data\music\labels\8,c89_21_1_5.PNG
8,C:\Data\Dev-Data\music\labels\8,c89_21_2_14.PNG
8,C:\Data\Dev-Data\music\labels\8,c89_21_2_15.PNG
8,C:\Data\Dev-Data\music\labels\8,c89_21_2_16.PNG
8,C:\Data\Dev-Data\music\labels\8,c89_21_2_21.PNG
8,C:\Data\Dev-Data\music\labels\8,c89_21_2_22.PNG
8,C:\Data\Dev-Data\music\labels\8,c89_21_2_23.PNG
8,C:\Data\Dev-Data\music\labels\8,c93_12_0_11.PNG
8,C:\Data\Dev-Data\music\labels\8,c93_12_0_19.PNG
8,C:\Data\Dev-Data\music\labels\8,c93_12_0_26.PNG
8,C:\Data\Dev-Data\music\labels\8,c93_12_0_3.PNG
8,C:\Data\Dev-Data\music\labels\8,c93_15_0_12.PNG
8,C:\Data\Dev-Data\music\labels\8,c93_15_1_4.PNG
8,C:\Data\Dev-Data\music\labels\8,c93_18_0_16.PNG
8,C:\Data\Dev-Data\music\labels\8,c94_15_0_22.PNG
8,C:\Data\Dev-Data\music\labels\8,c97_20_1_4.PNG
8,C:\Data\Dev-Data\music\labels\8,c97_21_1_10.PNG
8,C:\Data\Dev-Data\music\labels\8,c97_21_1_11.PNG
9,C:\Data\Dev-Data\music\labels\9,c13_08_0_5.PNG
9,C:\Data\Dev-Data\music\labels\9,c13_08_0_9.PNG
9,C:\Data\Dev-Data\music\labels\9,c46_16_0_16.PNG
9,C:\Data\Dev-Data\music\labels\9,c78_15_1_12.PNG
9,C:\Data\Dev-Data\music\labels\9,c78_15_1_2.PNG
9,C:\Data\Dev-Data\music\labels\9,c81_17_1_12.PNG
9,C:\Data\Dev-Data\music\labels\9,c84_20_0_11.PNG
9,C:\Data\Dev-Data\music\labels\9,c84_20_2_10.PNG
9,C:\Data\Dev-Data\music\labels\9,c84_20_2_3.PNG
9,C:\Data\Dev-Data\music\labels\9,c88_10_1_2.PNG
9,C:\Data\Dev-Data\music\labels\9,c89_20_1_3.PNG
9,C:\Data\Dev-Data\music\labels\9,c90_22_0_15.PNG
9,C:\Data\Dev-Data\music\labels\9,c93_15_0_11.PNG
9,C:\Data\Dev-Data\music\labels\9,c93_15_0_13.PNG
9,C:\Data\Dev-Data\music\labels\9,c93_15_0_23.PNG
9,C:\Data\Dev-Data\music\labels\9,c93_15_1_3.PNG
9,C:\Data\Dev-Data\music\labels\9,c93_15_1_5.PNG
9,C:\Data\Dev-Data\music\labels\9,c93_18_0_14.PNG
9,C:\Data\Dev-Data\music\labels\9,c93_18_0_15.PNG
9,C:\Data\Dev-Data\music\labels\9,c93_18_0_19.PNG
9,C:\Data\Dev-Data\music\labels\9,c94_15_0_10.PNG
9,C:\Data\Dev-Data\music\labels\9,c94_22_0_13.PNG
9,C:\Data\Dev-Data\music\labels\9,c97_20_0_3.PNG
9,C:\Data\Dev-Data\music\labels\9,c97_20_1_13.PNG
9,C:\Data\Dev-Data\music\labels\9,c97_20_1_18.PNG
9,C:\Data\Dev-Data\music\labels\9,c97_20_1_9.PNG
other,C:\Data\Dev-Data\music\labels\other,c11_19_1_18.PNG
other,C:\Data\Dev-Data\music\labels\other,c11_19_1_25.PNG
other,C:\Data\Dev-Data\music\labels\other,c12_02_0_18.PNG
other,C:\Data\Dev-Data\music\labels\other,c12_17_1_9.PNG
other,C:\Data\Dev-Data\music\labels\other,c18_02_0_15.PNG
other,C:\Data\Dev-Data\music\labels\other,c20_03_1_18.PNG
other,C:\Data\Dev-Data\music\labels\other,c20_20_2_7.PNG
other,C:\Data\Dev-Data\music\labels\other,c26_14_1_22.PNG
other,C:\Data\Dev-Data\music\labels\other,c26_14_1_24.PNG
other,C:\Data\Dev-Data\music\labels\other,c27_04_1_4.PNG
other,C:\Data\Dev-Data\music\labels\other,c27_10_1_12.PNG
other,C:\Data\Dev-Data\music\labels\other,c28_04_1_5.PNG
other,C:\Data\Dev-Data\music\labels\other,c32_20_0_6.PNG
other,C:\Data\Dev-Data\music\labels\other,c34_04_0_0.PNG
other,C:\Data\Dev-Data\music\labels\other,c34_21_0_0.PNG
other,C:\Data\Dev-Data\music\labels\other,c35_01_0_2.PNG
other,C:\Data\Dev-Data\music\labels\other,c35_01_1_2.PNG
other,C:\Data\Dev-Data\music\labels\other,c36_01_0_23.PNG
other,C:\Data\Dev-Data\music\labels\other,c36_04_0_1.PNG
other,C:\Data\Dev-Data\music\labels\other,c43_02_0_25.PNG
other,C:\Data\Dev-Data\music\labels\other,c43_10_0_11.PNG
other,C:\Data\Dev-Data\music\labels\other,c49_02_0_20.PNG
other,C:\Data\Dev-Data\music\labels\other,c49_02_0_28.PNG
other,C:\Data\Dev-Data\music\labels\other,c49_05_1_11.PNG
other,C:\Data\Dev-Data\music\labels\other,c50_14_0_25.PNG
other,C:\Data\Dev-Data\music\labels\other,c50_14_0_29.PNG
other,C:\Data\Dev-Data\music\labels\other,c52_03_1_20.PNG
other,C:\Data\Dev-Data\music\labels\other,c52_03_1_21.PNG
other,C:\Data\Dev-Data\music\labels\other,c52_03_1_6.PNG
other,C:\Data\Dev-Data\music\labels\other,c52_06_0_15.PNG
other,C:\Data\Dev-Data\music\labels\other,c52_06_1_14.PNG
other,C:\Data\Dev-Data\music\labels\other,c55_20_0_0.PNG
other,C:\Data\Dev-Data\music\labels\other,c55_20_1_0.PNG
other,C:\Data\Dev-Data\music\labels\other,c55_20_2_0.PNG
other,C:\Data\Dev-Data\music\labels\other,c55_21_1_0.PNG
other,C:\Data\Dev-Data\music\labels\other,c55_21_2_0.PNG
other,C:\Data\Dev-Data\music\labels\other,c56_06_0_1.PNG
other,C:\Data\Dev-Data\music\labels\other,c56_06_1_1.PNG
other,C:\Data\Dev-Data\music\labels\other,c56_14_0_1.PNG
other,C:\Data\Dev-Data\music\labels\other,c56_14_1_1.PNG
other,C:\Data\Dev-Data\music\labels\other,c56_21_0_1.PNG
other,C:\Data\Dev-Data\music\labels\other,c57_01_0_16.PNG
other,C:\Data\Dev-Data\music\labels\other,c57_01_0_6.PNG
other,C:\Data\Dev-Data\music\labels\other,c58_07_0_2.PNG
other,C:\Data\Dev-Data\music\labels\other,c58_08_0_2.PNG
other,C:\Data\Dev-Data\music\labels\other,c58_10_0_2.PNG
other,C:\Data\Dev-Data\music\labels\other,c58_11_0_2.PNG
other,C:\Data\Dev-Data\music\labels\other,c58_14_0_3.PNG
other,C:\Data\Dev-Data\music\labels\other,c58_15_0_2.PNG
other,C:\Data\Dev-Data\music\labels\other,c58_16_0_2.PNG
other,C:\Data\Dev-Data\music\labels\other,c58_17_0_2.PNG
other,C:\Data\Dev-Data\music\labels\other,c58_18_0_2.PNG
other,C:\Data\Dev-Data\music\labels\other,c58_22_0_2.PNG
other,C:\Data\Dev-Data\music\labels\other,c61_03_0_2.PNG
other,C:\Data\Dev-Data\music\labels\other,c61_05_0_2.PNG
other,C:\Data\Dev-Data\music\labels\other,c61_06_0_3.PNG
other,C:\Data\Dev-Data\music\labels\other,c61_12_0_2.PNG
other,C:\Data\Dev-Data\music\labels\other,c65_01_0_15.PNG
other,C:\Data\Dev-Data\music\labels\other,c65_01_0_22.PNG
other,C:\Data\Dev-Data\music\labels\other,c65_01_1_13.PNG
other,C:\Data\Dev-Data\music\labels\other,c65_01_1_18.PNG
other,C:\Data\Dev-Data\music\labels\other,c66_04_0_2.PNG
other,C:\Data\Dev-Data\music\labels\other,c66_05_1_1.PNG
other,C:\Data\Dev-Data\music\labels\other,c66_08_1_1.PNG
other,C:\Data\Dev-Data\music\labels\other,c66_10_1_1.PNG
other,C:\Data\Dev-Data\music\labels\other,c66_11_1_1.PNG
other,C:\Data\Dev-Data\music\labels\other,c66_14_1_2.PNG
other,C:\Data\Dev-Data\music\labels\other,c66_15_1_1.PNG
other,C:\Data\Dev-Data\music\labels\other,c67_06_1_9.PNG
other,C:\Data\Dev-Data\music\labels\other,c67_08_1_10.PNG
other,C:\Data\Dev-Data\music\labels\other,c67_21_0_12.PNG
other,C:\Data\Dev-Data\music\labels\other,c67_21_0_17.PNG
other,C:\Data\Dev-Data\music\labels\other,c67_21_0_6.PNG
other,C:\Data\Dev-Data\music\labels\other,c67_21_1_18.PNG
other,C:\Data\Dev-Data\music\labels\other,c68_08_0_10.PNG
other,C:\Data\Dev-Data\music\labels\other,c68_08_0_11.PNG
other,C:\Data\Dev-Data\music\labels\other,c68_08_0_13.PNG
other,C:\Data\Dev-Data\music\labels\other,c68_08_0_16.PNG
other,C:\Data\Dev-Data\music\labels\other,c68_08_0_18.PNG
other,C:\Data\Dev-Data\music\labels\other,c70_01_0_25.PNG
other,C:\Data\Dev-Data\music\labels\other,c70_08_1_12.PNG
other,C:\Data\Dev-Data\music\labels\other,c70_08_1_13.PNG
other,C:\Data\Dev-Data\music\labels\other,c72_03_0_1.PNG
other,C:\Data\Dev-Data\music\labels\other,c72_03_1_1.PNG
other,C:\Data\Dev-Data\music\labels\other,c72_05_0_1.PNG
other,C:\Data\Dev-Data\music\labels\other,c72_09_1_1.PNG
other,C:\Data\Dev-Data\music\labels\other,c72_12_0_1.PNG
other,C:\Data\Dev-Data\music\labels\other,c72_17_0_1.PNG
other,C:\Data\Dev-Data\music\labels\other,c72_17_1_1.PNG
other,C:\Data\Dev-Data\music\labels\other,c72_19_0_1.PNG
other,C:\Data\Dev-Data\music\labels\other,c72_19_1_1.PNG
other,C:\Data\Dev-Data\music\labels\other,c72_20_1_1.PNG
other,C:\Data\Dev-Data\music\labels\other,c72_20_2_1.PNG
other,C:\Data\Dev-Data\music\labels\other,c72_21_2_1.PNG
other,C:\Data\Dev-Data\music\labels\other,c72_22_0_1.PNG
other,C:\Data\Dev-Data\music\labels\other,c73_06_0_2.PNG
other,C:\Data\Dev-Data\music\labels\other,c73_06_1_2.PNG
other,C:\Data\Dev-Data\music\labels\other,c73_07_0_1.PNG
other,C:\Data\Dev-Data\music\labels\other,c73_09_0_1.PNG
other,C:\Data\Dev-Data\music\labels\other,c73_10_0_1.PNG
other,C:\Data\Dev-Data\music\labels\other,c73_11_0_1.PNG
other,C:\Data\Dev-Data\music\labels\other,c73_15_0_1.PNG
other,C:\Data\Dev-Data\music\labels\other,c73_16_0_1.PNG
other,C:\Data\Dev-Data\music\labels\other,c73_18_0_1.PNG
other,C:\Data\Dev-Data\music\labels\other,c75_02_0_10.PNG
other,C:\Data\Dev-Data\music\labels\other,c75_02_0_29.PNG
other,C:\Data\Dev-Data\music\labels\other,c75_03_0_10.PNG
other,C:\Data\Dev-Data\music\labels\other,c75_03_0_17.PNG
other,C:\Data\Dev-Data\music\labels\other,c75_03_0_24.PNG
other,C:\Data\Dev-Data\music\labels\other,c75_03_1_13.PNG
other,C:\Data\Dev-Data\music\labels\other,c75_03_1_8.PNG
other,C:\Data\Dev-Data\music\labels\other,c75_04_0_12.PNG
other,C:\Data\Dev-Data\music\labels\other,c75_04_0_7.PNG
other,C:\Data\Dev-Data\music\labels\other,c75_04_1_17.PNG
other,C:\Data\Dev-Data\music\labels\other,c75_04_1_23.PNG
other,C:\Data\Dev-Data\music\labels\other,c75_04_1_7.PNG
other,C:\Data\Dev-Data\music\labels\other,c75_05_0_15.PNG
other,C:\Data\Dev-Data\music\labels\other,c75_05_0_23.PNG
other,C:\Data\Dev-Data\music\labels\other,c75_05_0_9.PNG
other,C:\Data\Dev-Data\music\labels\other,c75_05_1_14.PNG
other,C:\Data\Dev-Data\music\labels\other,c75_05_1_20.PNG
other,C:\Data\Dev-Data\music\labels\other,c75_05_1_7.PNG
other,C:\Data\Dev-Data\music\labels\other,c75_06_0_10.PNG
other,C:\Data\Dev-Data\music\labels\other,c75_06_0_23.PNG
other,C:\Data\Dev-Data\music\labels\other,c75_06_1_16.PNG
other,C:\Data\Dev-Data\music\labels\other,c75_07_0_16.PNG
other,C:\Data\Dev-Data\music\labels\other,c75_07_0_24.PNG
other,C:\Data\Dev-Data\music\labels\other,c75_07_0_7.PNG
other,C:\Data\Dev-Data\music\labels\other,c75_07_1_24.PNG
other,C:\Data\Dev-Data\music\labels\other,c75_08_1_14.PNG
other,C:\Data\Dev-Data\music\labels\other,c75_08_1_6.PNG
other,C:\Data\Dev-Data\music\labels\other,c75_09_0_14.PNG
other,C:\Data\Dev-Data\music\labels\other,c75_09_0_4.PNG
other,C:\Data\Dev-Data\music\labels\other,c75_09_0_9.PNG
other,C:\Data\Dev-Data\music\labels\other,c75_09_1_12.PNG
other,C:\Data\Dev-Data\music\labels\other,c75_09_1_19.PNG
other,C:\Data\Dev-Data\music\labels\other,c75_09_1_7.PNG
other,C:\Data\Dev-Data\music\labels\other,c75_10_0_14.PNG
other,C:\Data\Dev-Data\music\labels\other,c75_10_0_19.PNG
other,C:\Data\Dev-Data\music\labels\other,c75_10_0_24.PNG
other,C:\Data\Dev-Data\music\labels\other,c75_10_0_8.PNG
other,C:\Data\Dev-Data\music\labels\other,c75_10_1_16.PNG
other,C:\Data\Dev-Data\music\labels\other,c75_10_1_8.PNG
other,C:\Data\Dev-Data\music\labels\other,c75_11_0_10.PNG
other,C:\Data\Dev-Data\music\labels\other,c75_11_0_16.PNG
other,C:\Data\Dev-Data\music\labels\other,c75_11_0_23.PNG
other,C:\Data\Dev-Data\music\labels\other,c75_11_1_15.PNG
other,C:\Data\Dev-Data\music\labels\other,c75_11_1_23.PNG
other,C:\Data\Dev-Data\music\labels\other,c75_11_1_9.PNG
other,C:\Data\Dev-Data\music\labels\other,c75_12_0_10.PNG
other,C:\Data\Dev-Data\music\labels\other,c75_12_0_18.PNG
other,C:\Data\Dev-Data\music\labels\other,c75_12_0_24.PNG
other,C:\Data\Dev-Data\music\labels\other,c75_14_0_16.PNG
other,C:\Data\Dev-Data\music\labels\other,c75_14_0_20.PNG
other,C:\Data\Dev-Data\music\labels\other,c75_14_1_11.PNG
other,C:\Data\Dev-Data\music\labels\other,c75_14_1_15.PNG
other,C:\Data\Dev-Data\music\labels\other,c75_14_1_20.PNG
other,C:\Data\Dev-Data\music\labels\other,c75_14_1_26.PNG
other,C:\Data\Dev-Data\music\labels\other,c75_14_1_7.PNG
other,C:\Data\Dev-Data\music\labels\other,c75_15_0_15.PNG
other,C:\Data\Dev-Data\music\labels\other,c75_15_0_21.PNG
other,C:\Data\Dev-Data\music\labels\other,c75_15_0_8.PNG
other,C:\Data\Dev-Data\music\labels\other,c75_15_1_13.PNG
other,C:\Data\Dev-Data\music\labels\other,c75_15_1_7.PNG
other,C:\Data\Dev-Data\music\labels\other,c75_16_0_12.PNG
other,C:\Data\Dev-Data\music\labels\other,c75_17_0_10.PNG
other,C:\Data\Dev-Data\music\labels\other,c75_17_0_15.PNG
other,C:\Data\Dev-Data\music\labels\other,c75_17_0_6.PNG
other,C:\Data\Dev-Data\music\labels\other,c75_17_1_14.PNG
other,C:\Data\Dev-Data\music\labels\other,c75_17_1_5.PNG
other,C:\Data\Dev-Data\music\labels\other,c75_18_0_17.PNG
other,C:\Data\Dev-Data\music\labels\other,c75_18_0_29.PNG
other,C:\Data\Dev-Data\music\labels\other,c75_18_0_4.PNG
other,C:\Data\Dev-Data\music\labels\other,c75_18_0_9.PNG
other,C:\Data\Dev-Data\music\labels\other,c75_19_0_10.PNG
other,C:\Data\Dev-Data\music\labels\other,c75_19_0_28.PNG
other,C:\Data\Dev-Data\music\labels\other,c75_19_0_7.PNG
other,C:\Data\Dev-Data\music\labels\other,c75_20_0_13.PNG
other,C:\Data\Dev-Data\music\labels\other,c75_20_1_11.PNG
other,C:\Data\Dev-Data\music\labels\other,c75_20_1_6.PNG
other,C:\Data\Dev-Data\music\labels\other,c75_20_2_12.PNG
other,C:\Data\Dev-Data\music\labels\other,c75_21_1_8.PNG
other,C:\Data\Dev-Data\music\labels\other,c75_21_2_12.PNG
other,C:\Data\Dev-Data\music\labels\other,c75_21_2_19.PNG
other,C:\Data\Dev-Data\music\labels\other,c75_21_2_6.PNG
other,C:\Data\Dev-Data\music\labels\other,c75_22_0_17.PNG
other,C:\Data\Dev-Data\music\labels\other,c75_22_0_21.PNG
other,C:\Data\Dev-Data\music\labels\other,c75_22_0_4.PNG
other,C:\Data\Dev-Data\music\labels\other,c75_22_0_8.PNG
other,C:\Data\Dev-Data\music\labels\other,c76_07_1_15.PNG
other,C:\Data\Dev-Data\music\labels\other,c76_07_1_6.PNG
other,C:\Data\Dev-Data\music\labels\other,c76_08_0_8.PNG
other,C:\Data\Dev-Data\music\labels\other,c76_09_0_19.PNG
other,C:\Data\Dev-Data\music\labels\other,c76_14_0_10.PNG
other,C:\Data\Dev-Data\music\labels\other,c76_15_0_27.PNG
other,C:\Data\Dev-Data\music\labels\other,c76_16_0_17.PNG
other,C:\Data\Dev-Data\music\labels\other,c76_16_0_6.PNG
other,C:\Data\Dev-Data\music\labels\other,c76_20_0_5.PNG
other,C:\Data\Dev-Data\music\labels\other,c76_20_0_8.PNG
other,C:\Data\Dev-Data\music\labels\other,c76_20_2_4.PNG
other,C:\Data\Dev-Data\music\labels\other,c76_22_0_14.PNG
other,C:\Data\Dev-Data\music\labels\other,c76_22_0_25.PNG
other,C:\Data\Dev-Data\music\labels\other,c77_02_0_26.PNG
other,C:\Data\Dev-Data\music\labels\other,c7_09_0_2.PNG
other,C:\Data\Dev-Data\music\labels\other,c7_19_1_2.PNG
other,C:\Data\Dev-Data\music\labels\other,c80_04_1_20.PNG
other,C:\Data\Dev-Data\music\labels\other,c83_01_0_1.PNG
other,C:\Data\Dev-Data\music\labels\other,c83_01_1_1.PNG
other,C:\Data\Dev-Data\music\labels\other,c83_06_0_0.PNG
other,C:\Data\Dev-Data\music\labels\other,c83_06_1_0.PNG
other,C:\Data\Dev-Data\music\labels\other,c83_14_0_0.PNG
other,C:\Data\Dev-Data\music\labels\other,c83_14_1_0.PNG
other,C:\Data\Dev-Data\music\labels\other,c84_11_0_6.PNG
other,C:\Data\Dev-Data\music\labels\other,c84_20_0_7.PNG
other,C:\Data\Dev-Data\music\labels\other,c86_01_0_13.PNG
other,C:\Data\Dev-Data\music\labels\other,c86_01_0_19.PNG
other,C:\Data\Dev-Data\music\labels\other,c86_01_1_11.PNG
other,C:\Data\Dev-Data\music\labels\other,c86_01_1_15.PNG
other,C:\Data\Dev-Data\music\labels\other,c86_01_1_21.PNG
other,C:\Data\Dev-Data\music\labels\other,c86_01_1_24.PNG
other,C:\Data\Dev-Data\music\labels\other,c86_01_1_5.PNG
other,C:\Data\Dev-Data\music\labels\other,c86_01_1_8.PNG
other,C:\Data\Dev-Data\music\labels\other,c89_09_0_21.PNG
other,C:\Data\Dev-Data\music\labels\other,c89_09_1_21.PNG
other,C:\Data\Dev-Data\music\labels\other,c89_10_0_27.PNG
other,C:\Data\Dev-Data\music\labels\other,c89_10_1_10.PNG
other,C:\Data\Dev-Data\music\labels\other,c89_11_0_20.PNG
other,C:\Data\Dev-Data\music\labels\other,c89_14_1_19.PNG
other,C:\Data\Dev-Data\music\labels\other,c8_08_0_1.PNG
other,C:\Data\Dev-Data\music\labels\other,c8_14_0_2.PNG
other,C:\Data\Dev-Data\music\labels\other,c92_01_0_10.PNG
other,C:\Data\Dev-Data\music\labels\other,c92_01_0_12.PNG
other,C:\Data\Dev-Data\music\labels\other,c92_01_0_18.PNG
other,C:\Data\Dev-Data\music\labels\other,c92_01_0_21.PNG
other,C:\Data\Dev-Data\music\labels\other,c92_01_0_3.PNG
other,C:\Data\Dev-Data\music\labels\other,c92_01_0_5.PNG
other,C:\Data\Dev-Data\music\labels\other,c92_01_0_8.PNG
other,C:\Data\Dev-Data\music\labels\other,c93_16_0_11.PNG
other,C:\Data\Dev-Data\music\labels\other,c94_01_1_27.PNG
other,C:\Data\Dev-Data\music\labels\other,c94_02_0_12.PNG
other,C:\Data\Dev-Data\music\labels\other,c94_02_0_14.PNG
other,C:\Data\Dev-Data\music\labels\other,c94_02_0_17.PNG
other,C:\Data\Dev-Data\music\labels\other,c94_02_0_22.PNG
other,C:\Data\Dev-Data\music\labels\other,c94_02_0_30.PNG
other,C:\Data\Dev-Data\music\labels\other,c94_02_0_34.PNG
other,C:\Data\Dev-Data\music\labels\other,c94_02_0_36.PNG
other,C:\Data\Dev-Data\music\labels\other,c94_02_0_37.PNG
other,C:\Data\Dev-Data\music\labels\other,c94_02_0_38.PNG
other,C:\Data\Dev-Data\music\labels\other,c94_02_0_4.PNG
other,C:\Data\Dev-Data\music\labels\other,c94_02_0_6.PNG
other,C:\Data\Dev-Data\music\labels\other,c94_02_0_9.PNG
other,C:\Data\Dev-Data\music\labels\other,c94_03_0_12.PNG
other,C:\Data\Dev-Data\music\labels\other,c94_03_0_14.PNG
other,C:\Data\Dev-Data\music\labels\other,c94_03_0_16.PNG
other,C:\Data\Dev-Data\music\labels\other,c94_03_0_19.PNG
other,C:\Data\Dev-Data\music\labels\other,c94_03_0_21.PNG
other,C:\Data\Dev-Data\music\labels\other,c94_03_0_23.PNG
other,C:\Data\Dev-Data\music\labels\other,c94_03_0_26.PNG
other,C:\Data\Dev-Data\music\labels\other,c94_03_0_4.PNG
other,C:\Data\Dev-Data\music\labels\other,c94_03_0_6.PNG
other,C:\Data\Dev-Data\music\labels\other,c94_03_0_7.PNG
other,C:\Data\Dev-Data\music\labels\other,c94_03_0_9.PNG
other,C:\Data\Dev-Data\music\labels\other,c94_03_1_11.PNG
other,C:\Data\Dev-Data\music\labels\other,c94_03_1_16.PNG
other,C:\Data\Dev-Data\music\labels\other,c94_03_1_3.PNG
other,C:\Data\Dev-Data\music\labels\other,c94_03_1_5.PNG
other,C:\Data\Dev-Data\music\labels\other,c94_04_0_6.PNG
other,C:\Data\Dev-Data\music\labels\other,c94_05_0_11.PNG
other,C:\Data\Dev-Data\music\labels\other,c94_05_0_12.PNG
other,C:\Data\Dev-Data\music\labels\other,c94_05_0_14.PNG
other,C:\Data\Dev-Data\music\labels\other,c94_05_0_18.PNG
other,C:\Data\Dev-Data\music\labels\other,c94_05_0_19.PNG
other,C:\Data\Dev-Data\music\labels\other,c94_05_0_21.PNG
other,C:\Data\Dev-Data\music\labels\other,c94_05_0_25.PNG
other,C:\Data\Dev-Data\music\labels\other,c94_05_0_26.PNG
other,C:\Data\Dev-Data\music\labels\other,c94_05_0_27.PNG
other,C:\Data\Dev-Data\music\labels\other,c94_05_0_29.PNG
other,C:\Data\Dev-Data\music\labels\other,c94_05_0_4.PNG
other,C:\Data\Dev-Data\music\labels\other,c94_05_0_7.PNG
other,C:\Data\Dev-Data\music\labels\other,c94_05_1_13.PNG
other,C:\Data\Dev-Data\music\labels\other,c94_05_1_16.PNG
other,C:\Data\Dev-Data\music\labels\other,c94_05_1_21.PNG
other,C:\Data\Dev-Data\music\labels\other,c94_05_1_23.PNG
other,C:\Data\Dev-Data\music\labels\other,c94_05_1_25.PNG
other,C:\Data\Dev-Data\music\labels\other,c94_05_1_5.PNG
other,C:\Data\Dev-Data\music\labels\other,c94_05_1_9.PNG
other,C:\Data\Dev-Data\music\labels\other,c94_06_0_12.PNG
other,C:\Data\Dev-Data\music\labels\other,c94_06_0_21.PNG
other,C:\Data\Dev-Data\music\labels\other,c94_06_0_26.PNG
other,C:\Data\Dev-Data\music\labels\other,c94_06_0_28.PNG
other,C:\Data\Dev-Data\music\labels\other,c94_06_0_5.PNG
other,C:\Data\Dev-Data\music\labels\other,c94_06_0_8.PNG
other,C:\Data\Dev-Data\music\labels\other,c94_06_1_11.PNG
other,C:\Data\Dev-Data\music\labels\other,c94_06_1_18.PNG
other,C:\Data\Dev-Data\music\labels\other,c94_06_1_21.PNG
other,C:\Data\Dev-Data\music\labels\other,c94_06_1_26.PNG
other,C:\Data\Dev-Data\music\labels\other,c94_06_1_4.PNG
other,C:\Data\Dev-Data\music\labels\other,c94_06_1_7.PNG
other,C:\Data\Dev-Data\music\labels\other,c94_07_0_26.PNG
other,C:\Data\Dev-Data\music\labels\other,c94_08_1_16.PNG
other,C:\Data\Dev-Data\music\labels\other,c94_08_1_17.PNG
other,C:\Data\Dev-Data\music\labels\other,c94_08_1_3.PNG
other,C:\Data\Dev-Data\music\labels\other,c94_08_1_5.PNG
other,C:\Data\Dev-Data\music\labels\other,c94_08_1_8.PNG
other,C:\Data\Dev-Data\music\labels\other,c94_09_0_12.PNG
other,C:\Data\Dev-Data\music\labels\other,c94_09_0_16.PNG
other,C:\Data\Dev-Data\music\labels\other,c94_09_0_6.PNG
other,C:\Data\Dev-Data\music\labels\other,c94_09_1_13.PNG
other,C:\Data\Dev-Data\music\labels\other,c94_09_1_15.PNG
other,C:\Data\Dev-Data\music\labels\other,c94_09_1_17.PNG
other,C:\Data\Dev-Data\music\labels\other,c94_09_1_3.PNG
other,C:\Data\Dev-Data\music\labels\other,c94_09_1_5.PNG
other,C:\Data\Dev-Data\music\labels\other,c94_09_1_9.PNG
other,C:\Data\Dev-Data\music\labels\other,c94_10_0_21.PNG
other,C:\Data\Dev-Data\music\labels\other,c94_10_0_5.PNG
other,C:\Data\Dev-Data\music\labels\other,c94_10_1_14.PNG
other,C:\Data\Dev-Data\music\labels\other,c94_10_1_18.PNG
other,C:\Data\Dev-Data\music\labels\other,c94_10_1_19.PNG
other,C:\Data\Dev-Data\music\labels\other,c94_10_1_5.PNG
other,C:\Data\Dev-Data\music\labels\other,c94_10_1_7.PNG
other,C:\Data\Dev-Data\music\labels\other,c94_11_0_12.PNG
other,C:\Data\Dev-Data\music\labels\other,c94_11_0_14.PNG
other,C:\Data\Dev-Data\music\labels\other,c94_11_0_15.PNG
other,C:\Data\Dev-Data\music\labels\other,c94_11_0_18.PNG
other,C:\Data\Dev-Data\music\labels\other,c94_11_0_25.PNG
other,C:\Data\Dev-Data\music\labels\other,c94_11_0_8.PNG
other,C:\Data\Dev-Data\music\labels\other,c94_11_1_20.PNG
other,C:\Data\Dev-Data\music\labels\other,c94_11_1_25.PNG
other,C:\Data\Dev-Data\music\labels\other,c94_11_1_3.PNG
other,C:\Data\Dev-Data\music\labels\other,c94_11_1_5.PNG
other,C:\Data\Dev-Data\music\labels\other,c94_12_0_12.PNG
other,C:\Data\Dev-Data\music\labels\other,c94_12_0_15.PNG
other,C:\Data\Dev-Data\music\labels\other,c94_12_0_20.PNG
other,C:\Data\Dev-Data\music\labels\other,c94_12_0_27.PNG
other,C:\Data\Dev-Data\music\labels\other,c94_12_0_4.PNG
other,C:\Data\Dev-Data\music\labels\other,c94_12_0_7.PNG
other,C:\Data\Dev-Data\music\labels\other,c94_12_0_8.PNG
other,C:\Data\Dev-Data\music\labels\other,c94_12_0_9.PNG
other,C:\Data\Dev-Data\music\labels\other,c94_14_1_25.PNG
other,C:\Data\Dev-Data\music\labels\other,c94_14_1_28.PNG
other,C:\Data\Dev-Data\music\labels\other,c94_15_0_18.PNG
other,C:\Data\Dev-Data\music\labels\other,c94_15_0_9.PNG
other,C:\Data\Dev-Data\music\labels\other,c94_15_1_11.PNG
other,C:\Data\Dev-Data\music\labels\other,c94_15_1_15.PNG
other,C:\Data\Dev-Data\music\labels\other,c94_16_0_20.PNG
other,C:\Data\Dev-Data\music\labels\other,c94_16_0_9.PNG
other,C:\Data\Dev-Data\music\labels\other,c94_20_0_4.PNG
other,C:\Data\Dev-Data\music\labels\other,c94_20_2_6.PNG
other,C:\Data\Dev-Data\music\labels\other,c94_21_0_4.PNG
other,C:\Data\Dev-Data\music\labels\other,c98_03_1_0.PNG
other,C:\Data\Dev-Data\music\labels\other,c98_05_0_0.PNG
other,C:\Data\Dev-Data\music\labels\other,c98_05_1_0.PNG
other,C:\Data\Dev-Data\music\labels\other,c98_07_0_0.PNG
other,C:\Data\Dev-Data\music\labels\other,c98_07_1_0.PNG
other,C:\Data\Dev-Data\music\labels\other,c98_08_0_0.PNG
other,C:\Data\Dev-Data\music\labels\other,c98_08_1_0.PNG
other,C:\Data\Dev-Data\music\labels\other,c98_09_0_0.PNG
other,C:\Data\Dev-Data\music\labels\other,c98_09_1_0.PNG
other,C:\Data\Dev-Data\music\labels\other,c98_10_0_0.PNG
other,C:\Data\Dev-Data\music\labels\other,c98_10_1_0.PNG
other,C:\Data\Dev-Data\music\labels\other,c98_11_0_0.PNG
other,C:\Data\Dev-Data\music\labels\other,c98_11_1_0.PNG
other,C:\Data\Dev-Data\music\labels\other,c98_12_0_0.PNG
other,C:\Data\Dev-Data\music\labels\other,c98_15_0_0.PNG
other,C:\Data\Dev-Data\music\labels\other,c98_15_1_0.PNG
other,C:\Data\Dev-Data\music\labels\other,c98_16_0_0.PNG
other,C:\Data\Dev-Data\music\labels\other,c98_17_0_0.PNG
other,C:\Data\Dev-Data\music\labels\other,c98_17_1_0.PNG
other,C:\Data\Dev-Data\music\labels\other,c98_18_0_0.PNG
other,C:\Data\Dev-Data\music\labels\other,c98_19_0_0.PNG
other,C:\Data\Dev-Data\music\labels\other,c98_19_1_0.PNG
other,C:\Data\Dev-Data\music\labels\other,c98_22_0_0.PNG
